Club;Country;Part;Titles;Pld;W;D;L;F;A;Pts;GD;porganarchampions;porganarpartido;porperderpartido;poremppartido;porgfav/gtot;porgenc/gtot;porgd/gtot
Real Madrid CF;ESP;53;14;476;285;81;110;1047;521;651;526;26,41509434;59,87394958;23,1092437;17,01680672;66,77295918;33,22704082;33,54591837
FC Bayern München;GER;39;6;382;229;76;77;804;373;534;431;15,38461538;59,94764398;20,15706806;19,89528796;68,30926083;31,69073917;36,61852167
FC Barcelona;ESP;33;5;339;197;76;66;667;343;470;324;15,15151515;58,1120944;19,46902655;22,41887906;66,03960396;33,96039604;32,07920792
Manchester United;ENG;30;3;293;160;69;64;533;284;389;249;10;54,60750853;21,84300341;23,54948805;65,23867809;34,76132191;30,47735618
Juventus;ITA;37;2;301;153;70;78;479;301;376;178;5,405405405;50,83056478;25,91362126;23,25581395;61,41025641;38,58974359;22,82051282
Liverpool FC;ENG;27;6;248;142;50;56;472;228;334;244;22,22222222;57,25806452;22,58064516;20,16129032;67,42857143;32,57142857;34,85714286
AC Milan;ITA;30;7;267;131;68;68;437;251;330;186;23,33333333;49,06367041;25,46816479;25,46816479;63,51744186;36,48255814;27,03488372
SL Benfica;POR;42;2;287;130;67;90;475;334;327;141;4,761904762;45,29616725;31,35888502;23,34494774;58,7144623;41,2855377;17,4289246
FC Porto;POR;37;2;269;121;61;87;395;304;303;91;5,405405405;44,98141264;32,34200743;22,67657993;56,509299;43,490701;13,018598
AFC Ajax;NED;39;4;247;112;64;71;396;282;288;114;10,25641026;45,34412955;28,74493927;25,91093117;58,40707965;41,59292035;16,81415929
FC Dynamo Kyiv;UKR;39;0;254;104;55;95;350;315;263;35;0;40,94488189;37,4015748;21,65354331;52,63157895;47,36842105;5,263157895
Chelsea FC;ENG;19;2;201;104;53;44;342;181;261;161;10,52631579;51,74129353;21,89054726;26,3681592;65,39196941;34,60803059;30,78393881
FC Internazionale Milano;ITA;24;3;205;98;54;53;290;204;250;86;12,5;47,80487805;25,85365854;26,34146341;58,70445344;41,29554656;17,40890688
Arsenal FC;ENG;21;0;201;101;43;57;332;218;245;114;0;50,24875622;28,35820896;21,39303483;60,36363636;39,63636364;20,72727273
Celtic FC;SCO;37;1;222;101;39;82;337;270;241;67;2,702702703;45,4954955;36,93693694;17,56756757;55,51894563;44,48105437;11,03789127
Borussia Dortmund;GER;21;1;170;81;33;56;287;214;195;73;4,761904762;47,64705882;32,94117647;19,41176471;57,28542914;42,71457086;14,57085828
Club Atlético de Madrid;ESP;18;0;160;76;42;42;226;152;194;74;0;47,5;26,25;26,25;59,78835979;40,21164021;19,57671958
RSC Anderlecht;BEL;34;0;200;70;44;86;282;320;184;-38;0;35;43;22;46,84385382;53,15614618;-6,312292359
PSV Eindhoven;NED;30;1;187;69;44;74;249;234;182;15;3,333333333;36,89839572;39,57219251;23,52941176;51,55279503;48,44720497;3,105590062
Paris Saint-Germain;FRA;16;0;143;77;27;39;283;166;181;117;0;53,84615385;27,27272727;18,88111888;63,02895323;36,97104677;26,05790646
FK Crvena zvezda;SRB;28;1;151;70;33;48;278;203;173;75;3,571428571;46,35761589;31,78807947;21,85430464;57,7962578;42,2037422;15,59251559
Rangers FC;SCO;32;0;173;64;41;68;242;248;169;-6;0;36,99421965;39,30635838;23,69942197;49,3877551;50,6122449;-1,224489796
Olympiacos FC;GRE;35;0;186;66;36;84;222;283;168;-61;0;35,48387097;45,16129032;19,35483871;43,96039604;56,03960396;-12,07920792
Olympique Lyonnais;FRA;18;0;148;65;37;46;232;178;167;54;0;43,91891892;31,08108108;25;56,58536585;43,41463415;13,17073171
GNK Dinamo Zagreb;CRO;24;0;156;65;32;59;230;217;162;13;0;41,66666667;37,82051282;20,51282051;51,4541387;48,5458613;2,908277405
Galatasaray AŞ;TUR;27;0;177;57;43;77;215;279;157;-64;0;32,20338983;43,50282486;24,29378531;43,52226721;56,47773279;-12,95546559
Manchester City FC;ENG;13;1;119;66;24;29;245;131;156;114;7,692307692;55,46218487;24,3697479;20,16806723;65,15957447;34,84042553;30,31914894
FC Shakhtar Donetsk;UKR;23;0;152;58;36;58;214;231;152;-17;0;38,15789474;38,15789474;23,68421053;48,08988764;51,91011236;-3,820224719
Valencia CF;ESP;13;0;128;57;35;36;191;130;149;61;0;44,53125;28,125;27,34375;59,50155763;40,49844237;19,00311526
Rosenborg BK;NOR;25;0;152;58;31;63;224;232;147;-8;0;38,15789474;41,44736842;20,39473684;49,12280702;50,87719298;-1,754385965
FCSB;ROU;26;1;145;52;41;52;203;204;145;-1;3,846153846;35,86206897;35,86206897;28,27586207;49,87714988;50,12285012;-0,245700246
Panathinaikos FC;GRE;28;0;157;49;45;63;182;214;143;-32;0;31,21019108;40,12738854;28,66242038;45,95959596;54,04040404;-8,080808081
AC Sparta Praha;CZE;28;0;146;54;30;62;190;203;138;-13;0;36,98630137;42,46575342;20,54794521;48,34605598;51,65394402;-3,307888041
FC Basel 1893;SUI;21;0;118;47;23;48;170;192;117;-22;0;39,83050847;40,6779661;19,49152542;46,96132597;53,03867403;-6,077348066
AS Monaco FC;FRA;18;0;118;46;24;48;185;159;116;26;0;38,98305085;40,6779661;20,33898305;53,77906977;46,22093023;7,558139535
Club Brugge;BEL;23;0;127;43;30;54;157;186;116;-29;0;33,85826772;42,51968504;23,62204724;45,77259475;54,22740525;-8,454810496
Bayer 04 Leverkusen;GER;13;0;117;43;26;48;171;180;112;-9;0;36,75213675;41,02564103;22,22222222;48,71794872;51,28205128;-2,564102564
Olympique de Marseille;FRA;16;1;114;46;19;49;161;139;111;22;6,25;40,35087719;42,98245614;16,66666667;53,66666667;46,33333333;7,333333333
FC Spartak Moskva;RUS;21;0;124;40;31;53;173;193;111;-20;0;32,25806452;42,74193548;25;47,26775956;52,73224044;-5,464480874
AS Roma;ITA;13;0;110;41;27;42;148;158;109;-10;0;37,27272727;38,18181818;24,54545455;48,36601307;51,63398693;-3,267973856
FK Partizan;SRB;22;0;105;41;24;40;161;133;106;28;0;39,04761905;38,0952381;22,85714286;54,76190476;45,23809524;9,523809524
FC BATE Borisov;BLR;15;0;100;36;30;34;111;138;102;-27;0;36;34;30;44,57831325;55,42168675;-10,84337349
F.C. Copenhagen;DEN;16;0;94;38;23;33;126;113;99;13;0;40,42553191;35,10638298;24,46808511;52,71966527;47,28033473;5,439330544
PFC CSKA Sofia;BUL;25;0;98;41;16;41;140;144;98;-4;0;41,83673469;41,83673469;16,32653061;49,29577465;50,70422535;-1,408450704
FC Salzburg;AUT;18;0;86;35;22;29;125;115;92;10;0;40,69767442;33,72093023;25,58139535;52,08333333;47,91666667;4,166666667
PFC CSKA Moskva;RUS;15;0;104;34;24;46;125;155;92;-30;0;32,69230769;44,23076923;23,07692308;44,64285714;55,35714286;-10,71428571
Feyenoord;NED;17;1;89;34;23;32;147;116;91;31;5,882352941;38,20224719;35,95505618;25,84269663;55,89353612;44,10646388;11,78707224
Legia Warszawa;POL;15;0;76;37;15;24;106;91;89;15;0;48,68421053;31,57894737;19,73684211;53,8071066;46,1928934;7,614213198
Malmö FF;SWE;19;0;95;33;23;39;103;148;89;-45;0;34,73684211;41,05263158;24,21052632;41,03585657;58,96414343;-17,92828685
FC Sheriff Tiraspol;MDA;20;0;90;33;19;38;94;93;85;1;0;36,66666667;42,22222222;21,11111111;50,26737968;49,73262032;0,534759358
Fenerbahçe SK;TUR;27;0;107;32;21;54;120;179;85;-59;0;29,90654206;50,46728972;19,62616822;40,13377926;59,86622074;-19,73244147
NK Maribor;SVN;16;0;82;32;20;30;94;111;84;-17;0;39,02439024;36,58536585;24,3902439;45,85365854;54,14634146;-8,292682927
Sporting Clube de Portugal;POR;23;0;106;31;22;53;140;178;84;-38;0;29,24528302;50;20,75471698;44,02515723;55,97484277;-11,94968553
IFK Göteborg;SWE;15;0;82;35;13;34;138;119;83;19;0;42,68292683;41,46341463;15,85365854;53,69649805;46,30350195;7,392996109
APOEL FC;CYP;18;0;94;29;25;40;99;122;83;-23;0;30,85106383;42,55319149;26,59574468;44,79638009;55,20361991;-10,40723982
Vasas FC;HUN;6;0;27;12;6;9;62;34;30;28;0;44,44444444;33,33333333;22,22222222;64,58333333;35,41666667;29,16666667
1. FC Dynamo Dresden;GER;7;0;30;12;6;12;48;44;30;4;0;40;40;20;52,17391304;47,82608696;4,347826087
Nottingham Forest FC;ENG;3;2;20;12;4;4;32;14;28;18;66,66666667;60;20;20;69,56521739;30,43478261;39,13043478
FBK Kaunas;LTU;8;0;28;11;6;11;41;39;28;2;0;39,28571429;39,28571429;21,42857143;51,25;48,75;2,5
Athletic Club;ESP;5;0;28;10;8;10;38;36;28;2;0;35,71428571;35,71428571;28,57142857;51,35135135;48,64864865;2,702702703
Trabzonspor AŞ;TUR;10;0;30;10;8;12;25;36;28;-11;0;33,33333333;40;26,66666667;40,98360656;59,01639344;-18,03278689
Molde FK;NOR;5;0;27;8;11;8;39;30;27;9;0;29,62962963;29,62962963;40,74074074;56,52173913;43,47826087;13,04347826
Budapest Honvéd FC;HUN;10;0;30;12;3;15;47;54;27;-7;0;40;50;10;46,53465347;53,46534653;-6,930693069
Debreceni VSC;HUN;7;0;32;11;5;16;37;50;27;-13;0;34,375;50;15,625;42,52873563;57,47126437;-14,94252874
FC Pyunik;ARM;12;0;38;9;9;20;33;62;27;-29;0;23,68421053;52,63157895;23,68421053;34,73684211;65,26315789;-30,52631579
F91 Diddeleng;LUX;17;0;44;10;7;27;50;92;27;-42;0;22,72727273;61,36363636;15,90909091;35,21126761;64,78873239;-29,57746479
VfB Stuttgart;GER;5;0;29;9;8;12;35;42;26;-7;0;31,03448276;41,37931034;27,5862069;45,45454545;54,54545455;-9,090909091
Newcastle United FC;ENG;3;0;24;11;3;10;33;33;25;0;0;45,83333333;41,66666667;12,5;50;50;0
The New Saints FC;WAL;14;0;38;10;5;23;37;65;25;-28;0;26,31578947;60,52631579;13,15789474;36,2745098;63,7254902;-27,45098039
VfL Wolfsburg;GER;3;0;22;10;3;9;29;29;23;0;0;45,45454545;40,90909091;13,63636364;50;50;0
KKS Lech Poznań;POL;8;0;26;11;1;14;29;43;23;-14;0;42,30769231;53,84615385;3,846153846;40,27777778;59,72222222;-19,44444444
MŠK Žilina;SVK;7;0;28;9;5;14;27;45;23;-18;0;32,14285714;50;17,85714286;37,5;62,5;-25
Valletta FC;MLT;18;0;46;8;7;31;38;113;23;-75;0;17,39130435;67,39130435;15,2173913;25,16556291;74,83443709;-49,66887417
1. FC Köln;GER;3;0;17;7;8;2;27;19;22;8;0;41,17647059;11,76470588;47,05882353;58,69565217;41,30434783;17,39130435
Atalanta BC;ITA;3;0;23;8;6;9;40;43;22;-3;0;34,7826087;39,13043478;26,08695652;48,19277108;51,80722892;-3,614457831
MTK Budapest;HUN;7;0;24;10;2;12;41;46;22;-5;0;41,66666667;50;8,333333333;47,12643678;52,87356322;-5,747126437
Boavista FC;POR;3;0;24;7;8;9;27;32;22;-5;0;29,16666667;37,5;33,33333333;45,76271186;54,23728814;-8,474576271
Real Sociedad de Fútbol;ESP;4;0;26;8;6;12;24;29;22;-5;0;30,76923077;46,15384615;23,07692308;45,28301887;54,71698113;-9,433962264
Aston Villa FC;ENG;2;1;15;9;3;3;24;10;21;14;50;60;20;20;70,58823529;29,41176471;41,17647059
Hapoel Beer-Sheva FC;ISR;3;0;16;9;3;4;27;24;21;3;0;56,25;25;18,75;52,94117647;47,05882353;5,882352941
FC Midtjylland;DEN;5;0;24;7;7;10;25;33;21;-8;0;29,16666667;41,66666667;29,16666667;43,10344828;56,89655172;-13,79310345
PAOK FC;GRE;9;0;28;6;9;13;36;49;21;-13;0;21,42857143;46,42857143;32,14285714;42,35294118;57,64705882;-15,29411765
MFK Petržalka;SVK;2;0;18;7;6;5;25;24;20;1;0;38,88888889;27,77777778;33,33333333;51,02040816;48,97959184;2,040816327
RTS Widzew Łódź;POL;5;0;26;9;2;15;48;51;20;-3;0;34,61538462;57,69230769;7,692307692;48,48484848;51,51515152;-3,03030303
Aalborg BK;DEN;4;0;24;7;6;11;32;41;20;-9;0;29,16666667;45,83333333;25;43,83561644;56,16438356;-12,32876712
AJ Auxerre;FRA;3;0;24;9;2;13;19;31;20;-12;0;37,5;54,16666667;8,333333333;38;62;-24
FK Žalgiris Vilnius;LTU;8;0;24;8;4;12;21;37;20;-16;0;33,33333333;50;16,66666667;36,20689655;63,79310345;-27,5862069
FC Wacker Innsbruck;AUT;9;0;27;8;4;15;37;54;20;-17;0;29,62962963;55,55555556;14,81481481;40,65934066;59,34065934;-18,68131868
KF Tirana;ALB;15;0;40;8;4;28;37;65;20;-28;0;20;70;10;36,2745098;63,7254902;-27,45098039
Dundalk FC;IRL;12;0;33;4;12;17;24;60;20;-36;0;12,12121212;51,51515152;36,36363636;28,57142857;71,42857143;-42,85714286
FFC Victoria 91;GER;6;0;22;9;1;12;35;33;19;2;0;40,90909091;54,54545455;4,545454545;51,47058824;48,52941176;2,941176471
Neftçi PFK;AZE;7;0;22;7;5;10;18;36;19;-18;0;31,81818182;45,45454545;22,72727273;33,33333333;66,66666667;-33,33333333
KRC Genk;BEL;6;0;30;5;9;16;27;65;19;-38;0;16,66666667;53,33333333;30;29,34782609;70,65217391;-41,30434783
FC Aktobe;KAZ;5;0;16;7;4;5;23;18;18;5;0;43,75;31,25;25;56,09756098;43,90243902;12,19512195
OGC Nice;FRA;3;0;18;7;4;7;32;32;18;0;0;38,88888889;38,88888889;22,22222222;50;50;0
Servette FC;SUI;7;0;21;6;6;9;32;39;18;-7;0;28,57142857;42,85714286;28,57142857;45,07042254;54,92957746;-9,85915493
FC Levadia Tallinn;EST;8;0;21;6;6;9;21;29;18;-8;0;28,57142857;42,85714286;28,57142857;42;58;-16
FK Vardar;MKD;8;0;24;5;8;11;30;40;18;-10;0;20,83333333;45,83333333;33,33333333;42,85714286;57,14285714;-14,28571429
AS Jeunesse Esch;LUX;22;0;49;7;4;38;43;158;18;-115;0;14,28571429;77,55102041;8,163265306;21,39303483;78,60696517;-57,21393035
Eintracht Frankfurt;GER;2;0;15;7;3;5;30;28;17;2;0;46,66666667;33,33333333;20;51,72413793;48,27586207;3,448275862
PFC Litex Lovech;BUL;4;0;16;8;1;7;29;28;17;1;0;50;43,75;6,25;50,87719298;49,12280702;1,754385965
Helsingborgs IF;SWE;2;0;16;6;5;5;19;19;17;0;0;37,5;31,25;31,25;50;50;0
AIK;SWE;4;0;20;7;3;10;18;29;17;-11;0;35;50;15;38,29787234;61,70212766;-23,40425532
FH Hafnarfjördur;ISL;8;0;24;5;7;12;21;35;17;-14;0;20,83333333;50;29,16666667;37,5;62,5;-25
UC Sampdoria;ITA;2;0;13;7;2;4;25;15;16;10;0;53,84615385;30,76923077;15,38461538;62,5;37,5;25
FC Zimbru Chisinau;MDA;4;0;16;7;2;7;24;17;16;7;0;43,75;43,75;12,5;58,53658537;41,46341463;17,07317073
AGF Aarhus;DEN;5;0;18;6;4;8;22;25;16;-3;0;33,33333333;44,44444444;22,22222222;46,80851064;53,19148936;-6,382978723
SC Braga;POR;2;0;18;7;2;9;23;31;16;-8;0;38,88888889;50;11,11111111;42,59259259;57,40740741;-14,81481481
Shelbourne FC;IRL;6;0;20;4;8;8;21;31;16;-10;0;20;40;40;40,38461538;59,61538462;-19,23076923
Valkeakosken Haka;FIN;8;0;26;6;4;16;30;56;16;-26;0;23,07692308;61,53846154;15,38461538;34,88372093;65,11627907;-30,23255814
FC Carl Zeiss Jena;GER;2;0;8;5;0;3;12;11;10;1;0;62,5;37,5;0;52,17391304;47,82608696;4,347826087
FC Thun;SUI;1;0;10;4;2;4;11;11;10;0;0;40;40;20;50;50;0
FC Rostov;RUS;1;0;10;3;4;3;15;16;10;-1;0;30;30;40;48,38709677;51,61290323;-3,225806452
Halmstads BK;SWE;4;0;10;4;2;4;13;14;10;-1;0;40;40;20;48,14814815;51,85185185;-3,703703704
FC Universitatea Craiova;ROU;4;0;12;4;2;6;14;17;10;-3;0;33,33333333;50;16,66666667;45,16129032;54,83870968;-9,677419355
RCD Mallorca;ESP;2;0;10;4;2;4;7;11;10;-4;0;40;40;20;38,88888889;61,11111111;-22,22222222
Kjøbenhavns BK;DEN;4;0;13;4;2;7;19;25;10;-6;0;30,76923077;53,84615385;15,38461538;43,18181818;56,81818182;-13,63636364
FC Krasnodar;RUS;2;0;12;4;2;6;14;22;10;-8;0;33,33333333;50;16,66666667;38,88888889;61,11111111;-22,22222222
Vejle BK;DEN;4;0;12;3;4;5;13;22;10;-9;0;25;41,66666667;33,33333333;37,14285714;62,85714286;-25,71428571
ÍA Akranes;ISL;9;0;22;3;4;15;18;47;10;-29;0;13,63636364;68,18181818;18,18181818;27,69230769;72,30769231;-44,61538462
KR Reykjavík;ISL;10;0;21;3;4;14;20;66;10;-46;0;14,28571429;66,66666667;19,04761905;23,25581395;76,74418605;-53,48837209
FC Amsterdam;NED;1;0;6;4;1;1;13;4;9;9;0;66,66666667;16,66666667;16,66666667;76,47058824;23,52941176;52,94117647
FK Bodø/Glimt;NOR;2;0;10;4;1;5;22;14;9;8;0;40;50;10;61,11111111;38,88888889;22,22222222
Everton FC;ENG;3;0;10;2;5;3;14;10;9;4;0;20;30;50;58,33333333;41,66666667;16,66666667
FC Shakhter Karagandy;KAZ;2;0;8;4;1;3;10;8;9;2;0;50;37,5;12,5;55,55555556;44,44444444;11,11111111
FC Sion;SUI;2;0;8;4;1;3;16;16;9;0;0;50;37,5;12,5;50;50;0
RC Celta de Vigo;ESP;1;0;10;3;3;4;12;13;9;-1;0;30;40;30;48;52;-4
NK Olimpija Ljubljana;SVN;4;0;10;4;1;5;12;15;9;-3;0;40;50;10;44,44444444;55,55555556;-11,11111111
KAA Gent;BEL;3;0;13;4;1;8;14;23;9;-9;0;30,76923077;61,53846154;7,692307692;37,83783784;62,16216216;-24,32432432
HŠK Zrinjski;BIH;7;0;14;2;5;7;6;19;9;-13;0;14,28571429;50;35,71428571;24;76;-52
Esbjerg fB;DEN;4;0;12;3;3;6;11;28;9;-17;0;25;50;25;28,20512821;71,79487179;-43,58974359
FK Željezničar;BIH;6;0;16;4;1;11;13;31;9;-18;0;25;68,75;6,25;29,54545455;70,45454545;-40,90909091
Barry Town United FC;WAL;6;0;14;4;1;9;11;38;9;-27;0;28,57142857;64,28571429;7,142857143;22,44897959;77,55102041;-55,10204082
Valur;ISL;11;0;24;3;3;18;13;66;9;-53;0;12,5;75;12,5;16,4556962;83,5443038;-67,08860759
ASC Campionii FC Arges;ROU;2;0;8;4;0;4;13;10;8;3;0;50;50;0;56,52173913;43,47826087;13,04347826
Neuchâtel Xamax FCS;SUI;2;0;8;4;0;4;14;13;8;1;0;50;50;0;51,85185185;48,14814815;3,703703704
Åtvidabergs FF;SWE;2;0;8;4;0;4;12;12;8;0;0;50;50;0;50;50;0
NK Domžale;SVN;2;0;8;4;0;4;10;12;8;-2;0;50;50;0;45,45454545;54,54545455;-9,090909091
Real Betis Balompié;ESP;1;0;8;3;2;3;6;9;8;-3;0;37,5;37,5;25;40;60;-20
KV Mechelen;BEL;1;0;6;2;3;1;9;3;7;6;0;33,33333333;16,66666667;50;75;25;50
Hibernian FC;SCO;1;0;6;3;1;2;9;5;7;4;0;50;33,33333333;16,66666667;64,28571429;35,71428571;28,57142857
RC Strasbourg Alsace;FRA;1;0;6;3;1;2;8;6;7;2;0;50;33,33333333;16,66666667;57,14285714;42,85714286;14,28571429
IFK Malmö;SWE;1;0;6;3;1;2;7;7;7;0;0;50;33,33333333;16,66666667;50;50;0
FC Slavia Mozyr;BLR;2;0;8;2;3;3;11;12;7;-1;0;25;37,5;37,5;47,82608696;52,17391304;-4,347826087
ŁKS Łódź;POL;2;0;6;3;1;2;9;10;7;-1;0;50;33,33333333;16,66666667;47,36842105;52,63157895;-5,263157895
FC Unirea Urziceni;ROU;2;0;8;2;3;3;8;9;7;-1;0;25;37,5;37,5;47,05882353;52,94117647;-5,882352941
NK Široki Brijeg;BIH;2;0;6;3;1;2;4;5;7;-1;0;50;33,33333333;16,66666667;44,44444444;55,55555556;-11,11111111
FC Lokomotiv Sofia 1929;BUL;2;0;8;3;1;4;19;21;7;-2;0;37,5;50;12,5;47,5;52,5;-5
FC Kairat Almaty;KAZ;2;0;6;3;1;2;8;11;7;-3;0;50;33,33333333;16,66666667;42,10526316;57,89473684;-15,78947368
KF Shkëndija;MKD;4;0;12;3;1;8;8;21;7;-13;0;25;66,66666667;8,333333333;27,5862069;72,4137931;-44,82758621
B36 Tórshavn;FRO;6;0;14;2;3;9;12;30;7;-18;0;14,28571429;64,28571429;21,42857143;28,57142857;71,42857143;-42,85714286
FC Santa Coloma;AND;9;0;18;2;3;13;12;32;7;-20;0;11,11111111;72,22222222;16,66666667;27,27272727;72,72727273;-45,45454545
Floriana FC;MLT;8;0;17;2;3;12;5;53;7;-48;0;11,76470588;70,58823529;17,64705882;8,620689655;91,37931034;-82,75862069
Ipswich Town FC;ENG;1;0;4;3;0;1;16;5;6;11;0;75;25;0;76,19047619;23,80952381;52,38095238
TSV 1860 München;GER;2;0;6;3;0;3;13;7;6;6;0;50;50;0;65;35;30
Bohemians 1905;CZE;1;0;4;3;0;1;7;2;6;5;0;75;25;0;77,77777778;22,22222222;55,55555556
1. FC Magdeburg;GER;3;0;8;3;0;5;15;11;6;4;0;37,5;62,5;0;57,69230769;42,30769231;15,38461538
KSK Beveren;BEL;2;0;6;2;2;2;11;8;6;3;0;33,33333333;33,33333333;33,33333333;57,89473684;42,10526316;15,78947368
Hapoel Kiryat Shmona FC;ISR;1;0;6;2;2;2;9;6;6;3;0;33,33333333;33,33333333;33,33333333;60;40;20
Sparta Rotterdam;NED;1;0;6;3;0;3;12;11;6;1;0;50;50;0;52,17391304;47,82608696;4,347826087
FC Drita;KOS;2;0;5;3;0;2;8;7;6;1;0;60;40;0;53,33333333;46,66666667;6,666666667
HNK Rijeka;CRO;2;0;8;2;2;4;10;11;6;-1;0;25;50;25;47,61904762;52,38095238;-4,761904762
Bakı FK;AZE;2;0;6;2;2;2;7;8;6;-1;0;33,33333333;33,33333333;33,33333333;46,66666667;53,33333333;-6,666666667
FC Slovan Liberec;CZE;3;0;8;2;2;4;6;8;6;-2;0;25;50;25;42,85714286;57,14285714;-14,28571429
Wolverhampton Wanderers FC;ENG;2;0;8;2;2;4;12;16;6;-4;0;25;50;25;42,85714286;57,14285714;-14,28571429
FK Modriča;BIH;1;0;4;2;0;2;5;8;4;-3;0;50;50;0;38,46153846;61,53846154;-23,07692308
Kilmarnock FC;SCO;1;0;4;1;2;1;4;7;4;-3;0;25;25;50;36,36363636;63,63636364;-27,27272727
FC Hradec Králové;CZE;1;0;4;1;2;1;2;5;4;-3;0;25;25;50;28,57142857;71,42857143;-42,85714286
FK Borac Banja Luka;BIH;2;0;4;2;0;2;7;11;4;-4;0;50;50;0;38,88888889;61,11111111;-22,22222222
FC La Chaux-de-Fonds;SUI;1;0;4;1;2;1;5;9;4;-4;0;25;25;50;35,71428571;64,28571429;-28,57142857
Zalaegerszegi TE;HUN;1;0;4;2;0;2;3;7;4;-4;0;50;50;0;30;70;-40
FC Levadia Maardu;EST;2;0;6;1;2;3;8;14;4;-6;0;16,66666667;50;33,33333333;36,36363636;63,63636364;-27,27272727
FK Sūduva;LTU;3;0;8;1;2;5;5;13;4;-8;0;12,5;62,5;25;27,77777778;72,22222222;-44,44444444
FK Mogren;MNE;2;0;6;2;0;4;7;17;4;-10;0;33,33333333;66,66666667;0;29,16666667;70,83333333;-41,66666667
FK Budućnost Podgorica;MNE;5;0;9;1;2;6;5;17;4;-12;0;11,11111111;66,66666667;22,22222222;22,72727273;77,27272727;-54,54545455
Viking FK;NOR;7;0;14;1;2;11;11;29;4;-18;0;7,142857143;78,57142857;14,28571429;27,5;72,5;-45
FK Lyn;NOR;4;0;10;2;0;8;14;41;4;-27;0;20;80;0;25,45454545;74,54545455;-49,09090909
Crusaders FC;NIR;6;0;14;1;2;11;7;52;4;-45;0;7,142857143;78,57142857;14,28571429;11,86440678;88,13559322;-76,27118644
FC Metalist Kharkiv;UKR;1;0;2;1;1;0;3;1;3;2;0;50;0;50;75;25;50
FC Shkupi 1927;MKD;1;0;4;1;1;2;5;5;3;0;0;25;50;25;50;50;0
FC Spartak Plovdiv;BUL;1;0;4;1;1;2;3;3;3;0;0;25;50;25;50;50;0
FC Aarau;SUI;1;0;4;1;1;2;3;3;3;0;0;25;50;25;50;50;0
Bologna FC;ITA;1;0;3;1;1;1;2;2;3;0;0;33,33333333;33,33333333;33,33333333;50;50;0
Akademisk Boldklub;DEN;1;0;4;1;1;2;4;5;3;-1;0;25;50;25;44,44444444;55,55555556;-11,11111111
FK Leotar;BIH;1;0;4;1;1;2;3;4;3;-1;0;25;50;25;42,85714286;57,14285714;-14,28571429
FC Torpedo Moskva;RUS;2;0;4;0;3;1;0;1;3;-1;0;0;25;75;0;100;-100
FC Timişoara;ROU;1;0;4;0;3;1;2;4;3;-2;0;0;25;75;33,33333333;66,66666667;-33,33333333
Blackburn Rovers FC;ENG;1;0;6;1;1;4;5;8;3;-3;0;16,66666667;66,66666667;16,66666667;38,46153846;61,53846154;-23,07692308
Riga FC;LVA;3;0;5;0;3;2;1;4;3;-3;0;0;40;60;20;80;-60
SC Tavriya Simferopol;UKR;1;0;4;1;1;2;4;8;3;-4;0;25;50;25;33,33333333;66,66666667;-33,33333333
FC Belshina Bobruisk;BLR;1;0;4;1;1;2;3;7;3;-4;0;25;50;25;30;70;-40
TSG 1899 Hoffenheim;GER;2;0;8;0;3;5;14;20;3;-6;0;0;62,5;37,5;41,17647059;58,82352941;-17,64705882
sc Heerenveen;NED;1;0;6;1;1;4;3;9;3;-6;0;16,66666667;66,66666667;16,66666667;25;75;-50
WKS Śląsk Wrocław;POL;2;0;6;1;1;4;5;12;3;-7;0;16,66666667;66,66666667;16,66666667;29,41176471;70,58823529;-41,17647059
FK Sileks;MKD;3;0;5;1;1;3;2;9;3;-7;0;20;60;20;18,18181818;81,81818182;-63,63636364
EB/Streymur;FRO;2;0;6;1;1;4;9;17;3;-8;0;16,66666667;66,66666667;16,66666667;34,61538462;65,38461538;-30,76923077
FC WIT Georgia;GEO;2;0;6;1;1;4;8;17;3;-9;0;16,66666667;66,66666667;16,66666667;32;68;-36
SK Liepājas Metalurgs;LVA;2;0;6;1;1;4;3;14;3;-11;0;16,66666667;66,66666667;16,66666667;17,64705882;82,35294118;-64,70588235
Östers IF;SWE;4;0;8;1;1;6;3;14;3;-11;0;12,5;75;12,5;17,64705882;82,35294118;-64,70588235
K. Lierse SK;BEL;2;0;10;1;1;8;6;19;3;-13;0;10;80;10;24;76;-52
Fredrikstad FK;NOR;3;0;8;1;1;6;6;22;3;-16;0;12,5;75;12,5;21,42857143;78,57142857;-57,14285714
Derry City FC;IRL;4;0;9;1;1;7;9;26;3;-17;0;11,11111111;77,77777778;11,11111111;25,71428571;74,28571429;-48,57142857
FK Sutjeska;MNE;5;0;12;0;3;9;3;23;3;-20;0;0;75;25;11,53846154;88,46153846;-76,92307692
Saint Patrick’s Athletic FC;IRL;4;0;8;0;3;5;2;23;3;-21;0;0;62,5;37,5;8;92;-84
NK Celje;SVN;1;0;2;1;0;1;4;2;2;2;0;50;50;0;66,66666667;33,33333333;33,33333333
Cwmbran Town FC;WAL;1;0;2;1;0;1;4;4;2;0;0;50;50;0;50;50;0
FC Urartu;ARM;1;0;2;1;0;1;3;3;2;0;0;50;50;0;50;50;0
Larissa FC;GRE;1;0;2;1;0;1;3;3;2;0;0;50;50;0;50;50;0
Kalmar FF;SWE;1;0;2;1;0;1;3;3;2;0;0;50;50;0;50;50;0
NK Zagreb;CRO;1;0;2;1;0;1;2;2;2;0;0;50;50;0;50;50;0
AEK Larnaca FC;CYP;1;0;2;0;2;0;2;2;2;0;0;0;0;100;50;50;0
RFS;LVA;1;0;2;1;0;1;2;2;2;0;0;50;50;0;50;50;0
KS Flamurtari;ALB;1;0;2;0;2;0;1;1;2;0;0;0;0;100;50;50;0
CA Osasuna;ESP;1;0;2;0;2;0;1;1;2;0;0;0;0;100;50;50;0
FC Koper;SVN;1;0;2;1;0;1;4;5;2;-1;0;50;50;0;44,44444444;55,55555556;-11,11111111
NK Brotnjo;BIH;1;0;2;1;0;1;3;4;2;-1;0;50;50;0;42,85714286;57,14285714;-14,28571429
R. Union Saint-Gilloise;BEL;1;0;2;1;0;1;2;3;2;-1;0;50;50;0;40;60;-20
FC Dacia Chisinau;MDA;1;0;2;1;0;1;2;3;2;-1;0;50;50;0;40;60;-20
FC Gomel;BLR;1;0;2;1;0;1;1;2;2;-1;0;50;50;0;33,33333333;66,66666667;-33,33333333
FC Dynamo Moscow;RUS;1;0;2;1;0;1;1;2;2;-1;0;50;50;0;33,33333333;66,66666667;-33,33333333
SJK Seinäjoki;FIN;1;0;2;0;1;1;2;4;1;-2;0;0;50;50;33,33333333;66,66666667;-33,33333333
AC Chievo Verona;ITA;1;0;2;0;1;1;2;4;1;-2;0;0;50;50;33,33333333;66,66666667;-33,33333333
FC Beroe 2000 Kazanlak;BUL;1;0;2;0;1;1;1;3;1;-2;0;0;50;50;25;75;-50
FC Etar VT;BUL;1;0;2;0;1;1;1;3;1;-2;0;0;50;50;25;75;-50
Silkeborg IF;DEN;1;0;2;0;1;1;1;3;1;-2;0;0;50;50;25;75;-50
CS Grevenmacher;LUX;1;0;2;0;1;1;0;2;1;-2;0;0;50;50;0;100;-100
Connah’s Quay Nomads FC;WAL;2;0;3;0;1;2;2;5;1;-3;0;0;66,66666667;33,33333333;28,57142857;71,42857143;-42,85714286
FC Astra Giurgiu;ROU;1;0;2;0;1;1;1;4;1;-3;0;0;50;50;20;80;-60
Glenavon FC;NIR;1;0;2;0;1;1;0;3;1;-3;0;0;50;50;0;100;-100
SC Rot-Weiss Essen;GER;1;0;2;0;1;1;1;5;1;-4;0;0;50;50;16,66666667;83,33333333;-66,66666667
Hammarby Fotboll;SWE;1;0;2;0;1;1;1;5;1;-4;0;0;50;50;16,66666667;83,33333333;-66,66666667
FC Lausanne-Sport;SUI;1;0;2;0;1;1;0;4;1;-4;0;0;50;50;0;100;-100
Lisburn Distillery FC;NIR;1;0;2;0;1;1;3;8;1;-5;0;0;50;50;27,27272727;72,72727273;-45,45454545
FC Linz;AUT;1;0;2;0;1;1;0;5;1;-5;0;0;50;50;0;100;-100
FC Suduroy;FRO;1;0;2;0;1;1;0;5;1;-5;0;0;50;50;0;100;-100
FC Norma Tallinn;EST;2;0;4;0;1;3;1;7;1;-6;0;0;75;25;12,5;87,5;-75
FC Shakhtyor Soligorsk;BLR;3;0;6;0;1;5;0;6;1;-6;0;0;83,33333333;16,66666667;0;100;-100
FK Kareda;LTU;2;0;4;0;1;3;1;8;1;-7;0;0;75;25;11,11111111;88,88888889;-77,77777778
Stade Rennais FC;FRA;1;0;6;0;1;5;3;11;1;-8;0;0;83,33333333;16,66666667;21,42857143;78,57142857;-57,14285714
La Fiorita 1967;SMR;4;0;6;0;1;5;1;13;1;-12;0;0;83,33333333;16,66666667;7,142857143;92,85714286;-85,71428571
FC Lusitans;AND;2;0;4;0;1;3;3;16;1;-13;0;0;75;25;15,78947368;84,21052632;-68,42105263
Bursaspor SK;TUR;1;0;6;0;1;5;2;16;1;-14;0;0;83,33333333;16,66666667;11,11111111;88,88888889;-77,77777778
B 1909 Odense;DEN;3;0;6;0;1;5;6;21;1;-15;0;0;83,33333333;16,66666667;22,22222222;77,77777778;-55,55555556
FC Progrès Niederkorn;LUX;2;0;4;0;1;3;1;17;1;-16;0;0;75;25;5,555555556;94,44444444;-88,88888889
AC Oulu;FIN;2;0;4;0;1;3;2;19;1;-17;0;0;75;25;9,523809524;90,47619048;-80,95238095
FC Aris Bonnevoie;LUX;3;0;6;0;1;5;6;25;1;-19;0;0;83,33333333;16,66666667;19,35483871;80,64516129;-61,29032258
Cliftonville FC;NIR;3;0;6;0;1;5;1;20;1;-19;0;0;83,33333333;16,66666667;4,761904762;95,23809524;-90,47619048
Portadown FC;NIR;3;0;6;0;1;5;3;24;1;-21;0;0;83,33333333;16,66666667;11,11111111;88,88888889;-77,77777778
KuPS Kuopio;FIN;4;0;7;0;1;6;4;26;1;-22;0;0;85,71428571;14,28571429;13,33333333;86,66666667;-73,33333333
FC Nordsjælland;DEN;2;0;8;0;1;7;4;28;1;-24;0;0;87,5;12,5;12,5;87,5;-75
Olympiakos Nicosia FC;CYP;3;0;6;0;1;5;4;36;1;-32;0;0;83,33333333;16,66666667;10;90;-80
NK Lokomotiva Zagreb;CRO;1;0;1;0;0;1;0;1;0;-1;0;0;100;0;0;100;-100
DOS Utrecht;NED;1;0;2;0;0;2;4;6;0;-2;0;0;100;0;40;60;-20
Ulisses FC;ARM;1;0;2;0;0;2;0;2;0;-2;0;0;100;0;0;100;-100
FK Teplice;CZE;1;0;2;0;0;2;0;2;0;-2;0;0;100;0;0;100;-100
FC Inter Turku;FIN;1;0;2;0;0;2;0;2;0;-2;0;0;100;0;0;100;-100
FC Kilikia;ARM;1;0;2;0;0;2;3;6;0;-3;0;0;100;0;33,33333333;66,66666667;-33,33333333
Rapid JC;NED;1;0;2;0;0;2;3;6;0;-3;0;0;100;0;33,33333333;66,66666667;-33,33333333
Chemnitzer FC;GER;1;0;2;0;0;2;2;5;0;-3;0;0;100;0;28,57142857;71,42857143;-42,85714286
FC Dnepr Mogilev;BLR;1;0;2;0;0;2;0;3;0;-3;0;0;100;0;0;100;-100
FC Lantana;EST;1;0;2;0;0;2;0;3;0;-3;0;0;100;0;0;100;-100
FCI Tallinn;EST;1;0;2;0;0;2;0;3;0;-3;0;0;100;0;0;100;-100
FC Dila Gori;GEO;1;0;2;0;0;2;0;3;0;-3;0;0;100;0;0;100;-100
FK Liepāja;LVA;1;0;2;0;0;2;0;3;0;-3;0;0;100;0;0;100;-100
Örgryte IS;SWE;1;0;2;0;0;2;3;7;0;-4;0;0;100;0;30;70;-40
FC Sachsen Leipzig;GER;1;0;2;0;0;2;2;6;0;-4;0;0;100;0;25;75;-50
Trepça 89;KOS;1;0;2;0;0;2;2;6;0;-4;0;0;100;0;25;75;-50
KS Stal Mielec;POL;2;0;4;0;0;4;2;6;0;-4;0;0;100;0;25;75;-50
S.S. Folgore;SMR;2;0;3;0;0;3;2;6;0;-4;0;0;100;0;25;75;-50
Váci FC;HUN;1;0;2;0;0;2;1;5;0;-4;0;0;100;0;16,66666667;83,33333333;-66,66666667
FK Makedonija GP Skopje;MKD;1;0;2;0;0;2;0;4;0;-4;0;0;100;0;0;100;-100
Moss FK;NOR;1;0;2;0;0;2;0;4;0;-4;0;0;100;0;0;100;-100
FC Paços de Ferreira;POR;1;0;2;0;0;2;3;8;0;-5;0;0;100;0;27,27272727;72,72727273;-45,45454545
Pezoporikos FC;CYP;1;0;2;0;0;2;2;7;0;-5;0;0;100;0;22,22222222;77,77777778;-55,55555556
Stjarnan;ISL;1;0;2;0;0;2;1;6;0;-5;0;0;100;0;14,28571429;85,71428571;-71,42857143
FC Schalke 04;GER;10;0;77;31;18;28;109;117;80;-8;0;40,25974026;36,36363636;23,37662338;48,2300885;51,7699115;-3,539823009
SK Rapid Wien;AUT;18;0;81;35;9;37;130;122;79;8;0;43,20987654;45,67901235;11,11111111;51,58730159;48,41269841;3,174603175
Sevilla FC;ESP;10;0;72;30;19;23;110;103;79;7;0;41,66666667;31,94444444;26,38888889;51,64319249;48,35680751;3,286384977
FC Zenit;RUS;11;0;76;30;15;31;98;96;75;2;0;39,47368421;40,78947368;19,73684211;50,51546392;49,48453608;1,030927835
SSC Napoli;ITA;10;0;62;29;16;17;106;73;74;33;0;46,77419355;27,41935484;25,80645161;59,21787709;40,78212291;18,43575419
Beşiktaş JK;TUR;21;0;89;27;19;43;89;153;73;-64;0;30,33707865;48,31460674;21,34831461;36,7768595;63,2231405;-26,44628099
HJK Helsinki;FIN;22;0;80;29;13;38;104;126;71;-22;0;36,25;47,5;16,25;45,2173913;54,7826087;-9,565217391
Ferencvárosi TC;HUN;15;0;69;26;18;25;111;117;70;-6;0;37,68115942;36,23188406;26,08695652;48,68421053;51,31578947;-2,631578947
Tottenham Hotspur;ENG;7;0;63;28;13;22;116;90;69;26;0;44,44444444;34,92063492;20,63492063;56,31067961;43,68932039;12,62135922
SV Werder Bremen;GER;9;0;66;27;14;25;109;107;68;2;0;40,90909091;37,87878788;21,21212121;50,46296296;49,53703704;0,925925926
RC Deportivo La Coruña;ESP;5;0;62;25;17;20;78;79;67;-1;0;40,32258065;32,25806452;27,41935484;49,68152866;50,31847134;-0,636942675
FK Austria Wien;AUT;19;0;73;25;16;32;100;110;66;-10;0;34,24657534;43,83561644;21,91780822;47,61904762;52,38095238;-4,761904762
SS Lazio;ITA;7;0;60;24;16;20;93;77;64;16;0;40;33,33333333;26,66666667;54,70588235;45,29411765;9,411764706
VfL Borussia Mönchengladbach;GER;9;0;55;22;16;17;110;74;60;36;0;40;30,90909091;29,09090909;59,7826087;40,2173913;19,56521739
R. Standard de Liège;BEL;14;0;58;25;10;23;87;73;60;14;0;43,10344828;39,65517241;17,24137931;54,375;45,625;8,75
PFC Ludogorets 1945;BUL;11;0;60;22;14;24;90;84;58;6;0;36,66666667;40;23,33333333;51,72413793;48,27586207;3,448275862
FC Girondins de Bordeaux;FRA;7;0;50;21;16;13;54;54;58;0;0;42;26;32;50;50;0
FC Dinamo 1948;ROU;18;0;66;24;10;32;96;106;58;-10;0;36,36363636;48,48484848;15,15151515;47,52475248;52,47524752;-4,95049505
AEK Athens FC;GRE;16;0;74;18;22;34;79;118;58;-39;0;24,32432432;45,94594595;29,72972973;40,10152284;59,89847716;-19,79695431
ACF Fiorentina;ITA;5;0;45;21;15;9;63;49;57;14;0;46,66666667;20;33,33333333;56,25;43,75;12,5
Qarabağ FK;AZE;8;0;47;19;17;11;58;40;55;18;0;40,42553191;23,40425532;36,17021277;59,18367347;40,81632653;18,36734694
FK Dukla Praha;CZE;10;0;45;22;10;13;75;58;54;17;0;48,88888889;28,88888889;22,22222222;56,39097744;43,60902256;12,78195489
FC Viktoria Plzeň;CZE;9;0;53;22;9;22;82;105;53;-23;0;41,50943396;41,50943396;16,98113208;43,85026738;56,14973262;-12,29946524
BSC Young Boys;SUI;14;0;57;19;15;23;77;109;53;-32;0;33,33333333;40,35087719;26,31578947;41,39784946;58,60215054;-17,20430108
Leeds United AFC;ENG;4;0;40;22;6;12;76;41;50;35;0;55;30;15;64,95726496;35,04273504;29,91452991
Hamburger SV;GER;6;1;43;19;9;15;72;56;47;16;16,66666667;44,18604651;34,88372093;20,93023256;56,25;43,75;12,5
HNK Hajduk Split;CRO;10;0;40;18;10;12;58;47;46;11;0;45;30;25;55,23809524;44,76190476;10,47619048
Górnik Zabrze;POL;12;0;43;20;6;17;69;65;46;4;0;46,51162791;39,53488372;13,95348837;51,49253731;48,50746269;2,985074627
AS Saint-Étienne;FRA;10;0;41;19;7;15;50;44;45;6;0;46,34146341;36,58536585;17,07317073;53,19148936;46,80851064;6,382978723
Maccabi Haifa FC;ISR;10;0;52;18;9;25;88;88;45;0;0;34,61538462;48,07692308;17,30769231;50;50;0
Újpest FC;HUN;11;0;44;18;8;18;70;72;44;-2;0;40,90909091;40,90909091;18,18181818;49,29577465;50,70422535;-1,408450704
PFC Levski Sofia;BUL;15;0;58;15;14;29;74;82;44;-8;0;25,86206897;50;24,13793103;47,43589744;52,56410256;-5,128205128
LOSC Lille;FRA;8;0;56;14;16;26;49;63;44;-14;0;25;46,42857143;28,57142857;43,75;56,25;-12,5
Villarreal CF;ESP;5;0;46;14;15;17;51;56;43;-5;0;30,43478261;36,95652174;32,60869565;47,6635514;52,3364486;-4,672897196
ŠK Slovan Bratislava;SVK;13;0;44;16;11;17;50;58;43;-8;0;36,36363636;38,63636364;25;46,2962963;53,7037037;-7,407407407
Linfield FC;NIR;32;0;77;10;23;44;63;139;43;-76;0;12,98701299;57,14285714;29,87012987;31,18811881;68,81188119;-37,62376238
CFR 1907 Cluj;ROU;8;0;42;16;10;16;54;54;42;0;0;38,0952381;38,0952381;23,80952381;50;50;0
Omonoia FC;CYP;20;0;55;17;8;30;65;112;42;-47;0;30,90909091;54,54545455;14,54545455;36,72316384;63,27683616;-26,55367232
RB Leipzig;GER;5;0;38;18;5;15;66;70;41;-4;0;47,36842105;39,47368421;13,15789474;48,52941176;51,47058824;-2,941176471
Grasshopper Club Zürich;SUI;15;0;54;15;11;28;80;85;41;-5;0;27,77777778;51,85185185;20,37037037;48,48484848;51,51515152;-3,03030303
Maccabi Tel-Aviv FC;ISR;10;0;47;15;10;22;50;63;40;-13;0;31,91489362;46,80851064;21,27659574;44,24778761;55,75221239;-11,50442478
FC Zürich;SUI;12;0;47;17;6;24;60;82;40;-22;0;36,17021277;51,06382979;12,76595745;42,25352113;57,74647887;-15,49295775
FC Spartak Trnava;SVK;6;0;30;15;9;6;50;25;39;25;0;50;20;30;66,66666667;33,33333333;33,33333333
FC Lokomotiv Moskva;RUS;8;0;57;14;11;32;56;84;39;-28;0;24,56140351;56,14035088;19,29824561;40;60;-20
Berliner FC Dynamo;GER;10;0;38;15;8;15;54;52;38;2;0;39,47368421;39,47368421;21,05263158;50,94339623;49,05660377;1,886792453
FC Nantes;FRA;8;0;40;12;14;14;52;54;38;-2;0;30;35;35;49,05660377;50,94339623;-1,886792453
Skonto FC;LVA;12;0;42;16;6;20;57;62;38;-5;0;38,0952381;47,61904762;14,28571429;47,89915966;52,10084034;-4,201680672
Brøndby IF;DEN;12;0;44;15;8;21;56;67;38;-11;0;34,09090909;47,72727273;18,18181818;45,52845528;54,47154472;-8,943089431
SK Slavia Praha;CZE;13;0;46;13;12;21;34;63;38;-29;0;28,26086957;45,65217391;26,08695652;35,05154639;64,94845361;-29,89690722
SK Sturm Graz;AUT;7;0;44;15;7;22;51;81;37;-30;0;34,09090909;50;15,90909091;38,63636364;61,36363636;-22,72727273
Wisła Kraków;POL;8;0;32;15;4;13;58;50;34;8;0;46,875;40,625;12,5;53,7037037;46,2962963;7,407407407
Anorthosis Famagusta FC;CYP;8;0;36;12;9;15;47;44;33;3;0;33,33333333;41,66666667;25;51,64835165;48,35164835;3,296703297
FC Dinamo Tbilisi;GEO;13;0;39;14;4;21;52;58;32;-6;0;35,8974359;53,84615385;10,25641026;47,27272727;52,72727273;-5,454545455
FC Astana;KAZ;6;0;31;11;10;10;37;45;32;-8;0;35,48387097;32,25806452;32,25806452;45,12195122;54,87804878;-9,756097561
Stade de Reims;FRA;4;0;24;14;3;7;63;30;31;33;0;58,33333333;29,16666667;12,5;67,74193548;32,25806452;35,48387097
Málaga CF;ESP;1;0;12;5;5;2;18;9;15;9;0;41,66666667;16,66666667;41,66666667;66,66666667;33,33333333;33,33333333
Parma FC;ITA;3;0;12;6;3;3;15;10;15;5;0;50;25;25;60;40;20
Fehérvár FC;HUN;3;0;14;4;7;3;13;13;15;0;0;28,57142857;21,42857143;50;50;50;0
FC Rubin;RUS;3;0;16;4;7;5;12;16;15;-4;0;25;31,25;43,75;42,85714286;57,14285714;-14,28571429
ETO FC Győr;HUN;4;0;16;7;1;8;28;34;15;-6;0;43,75;50;6,25;45,16129032;54,83870968;-9,677419355
Lincoln Red Imps FC;GIB;7;0;19;6;3;10;22;29;15;-7;0;31,57894737;52,63157895;15,78947368;43,1372549;56,8627451;-13,7254902
KF Skënderbeu;ALB;5;0;16;6;3;7;18;25;15;-7;0;37,5;43,75;18,75;41,86046512;58,13953488;-16,27906977
FC Baník Ostrava;CZE;4;0;16;6;3;7;20;29;15;-9;0;37,5;43,75;18,75;40,81632653;59,18367347;-18,36734694
Beitar Jerusalem FC;ISR;5;0;16;6;3;7;20;29;15;-9;0;37,5;43,75;18,75;40,81632653;59,18367347;-18,36734694
Shamrock Rovers FC;IRL;11;0;26;4;7;15;16;40;15;-24;0;15,38461538;57,69230769;26,92307692;28,57142857;71,42857143;-42,85714286
Hibernians FC;MLT;12;0;28;5;5;18;20;71;15;-51;0;17,85714286;64,28571429;17,85714286;21,97802198;78,02197802;-56,04395604
Derby County FC;ENG;2;0;12;6;2;4;18;12;14;6;0;50;33,33333333;16,66666667;60;40;20
FC Wismut Aue;GER;3;0;16;5;4;7;26;23;14;3;0;31,25;43,75;25;53,06122449;46,93877551;6,12244898
1. FC Kaiserslautern;GER;2;0;12;6;2;4;18;16;14;2;0;50;33,33333333;16,66666667;52,94117647;47,05882353;5,882352941
Aberdeen FC;SCO;3;0;12;5;4;3;14;12;14;2;0;41,66666667;25;33,33333333;53,84615385;46,15384615;7,692307692
FC Dnipro Dnipropetrovsk;UKR;3;0;14;5;4;5;15;15;14;0;0;35,71428571;35,71428571;28,57142857;50;50;0
Ruch Chorzów;POL;4;0;14;5;4;5;20;25;14;-5;0;35,71428571;35,71428571;28,57142857;44,44444444;55,55555556;-11,11111111
FK Ventspils;LVA;6;0;20;6;2;12;21;31;14;-10;0;30;60;10;40,38461538;59,61538462;-19,23076923
MFK Košice;SVK;2;0;14;6;1;7;22;17;13;5;0;42,85714286;50;7,142857143;56,41025641;43,58974359;12,82051282
Hapoel Tel-Aviv FC;ISR;2;0;14;5;3;6;21;20;13;1;0;35,71428571;42,85714286;21,42857143;51,2195122;48,7804878;2,43902439
FK Senica;SVK;3;0;12;5;3;4;16;17;13;-1;0;41,66666667;33,33333333;25;48,48484848;51,51515152;-3,03030303
Djurgårdens IF;SWE;7;0;17;4;5;8;17;30;13;-13;0;23,52941176;47,05882353;29,41176471;36,17021277;63,82978723;-27,65957447
FK Ekranas;LTU;7;0;20;5;3;12;19;40;13;-21;0;25;60;15;32,20338983;67,79661017;-35,59322034
Glentoran FC;NIR;12;0;28;3;7;18;20;59;13;-39;0;10,71428571;64,28571429;25;25,3164557;74,6835443;-49,36708861
Grazer AK;AUT;3;0;10;5;2;3;19;13;12;6;0;50;30;20;59,375;40,625;18,75
Wiener SC;AUT;2;0;12;4;4;4;21;18;12;3;0;33,33333333;33,33333333;33,33333333;53,84615385;46,15384615;7,692307692
FK Rabotnicki;MKD;4;0;14;3;6;5;15;13;12;2;0;21,42857143;35,71428571;42,85714286;53,57142857;46,42857143;7,142857143
Leicester City FC;ENG;1;0;10;5;2;3;11;10;12;1;0;50;30;20;52,38095238;47,61904762;4,761904762
RC Lens;FRA;2;0;12;4;4;4;16;17;12;-1;0;33,33333333;33,33333333;33,33333333;48,48484848;51,51515152;-3,03030303
FK Sarajevo;BIH;6;0;18;5;2;11;24;26;12;-2;0;27,77777778;61,11111111;11,11111111;48;52;-4
FC Torpedo Kutaisi;GEO;4;0;12;5;2;5;14;19;12;-5;0;41,66666667;41,66666667;16,66666667;42,42424242;57,57575758;-15,15151515
Bohemian FC;IRL;6;0;18;4;4;10;13;29;12;-16;0;22,22222222;55,55555556;22,22222222;30,95238095;69,04761905;-38,0952381
FC Flora Tallinn;EST;11;0;23;4;4;15;20;45;12;-25;0;17,39130435;65,2173913;17,39130435;30,76923077;69,23076923;-38,46153846
FK Partizani;ALB;10;0;22;3;6;13;9;36;12;-27;0;13,63636364;59,09090909;27,27272727;20;80;-60
Dundee United FC;SCO;1;0;8;5;1;2;14;5;11;9;0;62,5;25;12,5;73,68421053;26,31578947;47,36842105
IF Elfsborg;SWE;2;0;10;4;3;3;14;7;11;7;0;40;30;30;66,66666667;33,33333333;33,33333333
1. FC Nürnberg;GER;2;0;8;5;1;2;16;14;11;2;0;62,5;25;12,5;53,33333333;46,66666667;6,666666667
FK Vojvodina;SRB;2;0;9;5;1;3;10;9;11;1;0;55,55555556;33,33333333;11,11111111;52,63157895;47,36842105;5,263157895
FC Dinamo Minsk;BLR;4;0;12;3;5;4;18;18;11;0;0;25;33,33333333;41,66666667;50;50;0
Udinese Calcio;ITA;3;0;12;4;3;5;17;19;11;-2;0;33,33333333;41,66666667;25;47,22222222;52,77777778;-5,555555556
AZ Alkmaar;NED;3;0;12;3;5;4;15;17;11;-2;0;25;33,33333333;41,66666667;46,875;53,125;-6,25
ND Gorica;SVN;3;0;12;5;1;6;20;25;11;-5;0;41,66666667;50;8,333333333;44,44444444;55,55555556;-11,11111111
Hertha BSC Berlin;GER;1;0;14;3;5;6;12;18;11;-6;0;21,42857143;42,85714286;35,71428571;40;60;-20
IFK Norrköping;SWE;5;0;14;3;5;6;18;25;11;-7;0;21,42857143;42,85714286;35,71428571;41,86046512;58,13953488;-16,27906977
Lillestrøm SK;NOR;5;0;14;3;5;6;10;17;11;-7;0;21,42857143;42,85714286;35,71428571;37,03703704;62,96296296;-25,92592593
Vålerenga Fotball;NOR;6;0;14;4;3;7;17;25;11;-8;0;28,57142857;50;21,42857143;40,47619048;59,52380952;-19,04761905
FC Twente;NED;4;0;14;2;7;5;15;23;11;-8;0;14,28571429;35,71428571;50;39,47368421;60,52631579;-21,05263158
Alashkert FC;ARM;4;0;14;3;5;6;12;20;11;-8;0;21,42857143;42,85714286;35,71428571;37,5;62,5;-25
AEL Limassol FC;CYP;3;0;10;5;1;4;8;18;11;-10;0;50;40;10;30,76923077;69,23076923;-38,46153846
FC Lahti;FIN;5;0;14;5;1;8;12;25;11;-13;0;35,71428571;57,14285714;7,142857143;32,43243243;67,56756757;-35,13513514
Tampere United;FIN;4;0;14;5;1;8;13;27;11;-14;0;35,71428571;57,14285714;7,142857143;32,5;67,5;-35
HB Tórshavn;FRO;10;0;21;3;5;13;19;52;11;-33;0;14,28571429;61,9047619;23,80952381;26,76056338;73,23943662;-46,47887324
Sliema Wanderers FC;MLT;10;0;24;5;1;18;17;66;11;-49;0;20,83333333;75;4,166666667;20,48192771;79,51807229;-59,03614458
FC Ararat Yerevan;ARM;1;0;6;5;0;1;14;5;10;9;0;83,33333333;16,66666667;0;73,68421053;26,31578947;47,36842105
Dundee FC;SCO;1;0;8;5;0;3;20;14;10;6;0;62,5;37,5;0;58,82352941;41,17647059;17,64705882
KS Polonia Bytom;POL;2;0;6;3;0;3;8;12;6;-4;0;50;50;0;40;60;-20
Hvidovre IF;DEN;3;0;8;1;4;3;13;19;6;-6;0;12,5;37,5;50;40,625;59,375;-18,75
KF Vllaznia;ALB;3;0;8;3;0;5;9;16;6;-7;0;37,5;62,5;0;36;64;-28
Birkirkara FC;MLT;4;0;9;2;2;5;9;19;6;-10;0;22,22222222;55,55555556;22,22222222;32,14285714;67,85714286;-35,71428571
İstanbul Başakşehir FK;TUR;3;0;12;2;2;8;15;28;6;-13;0;16,66666667;66,66666667;16,66666667;34,88372093;65,11627907;-30,23255814
Odense BK;DEN;4;0;10;2;2;6;10;27;6;-17;0;20;60;20;27,02702703;72,97297297;-45,94594595
FK Dinamo Tirana;ALB;6;0;14;2;2;10;7;25;6;-18;0;14,28571429;71,42857143;14,28571429;21,875;78,125;-56,25
FC Reipas;FIN;3;0;8;2;2;4;8;30;6;-22;0;25;50;25;21,05263158;78,94736842;-57,89473684
Waterford FC;IRL;6;0;14;3;0;11;15;47;6;-32;0;21,42857143;78,57142857;0;24,19354839;75,80645161;-51,61290323
NŠ Mura;SVN;1;0;4;2;1;1;7;3;5;4;0;50;25;25;70;30;40
KSP Polonia Warszawa;POL;1;0;4;2;1;1;10;8;5;2;0;50;25;25;55,55555556;44,44444444;11,11111111
FC Zbrojovka Brno;CZE;1;0;4;1;3;0;7;5;5;2;0;25;0;75;58,33333333;41,66666667;16,66666667
Lyngby BK;DEN;2;0;6;2;1;3;7;5;5;2;0;33,33333333;50;16,66666667;58,33333333;41,66666667;16,66666667
FC Zorya Luhansk;UKR;1;0;4;2;1;1;3;1;5;2;0;50;25;25;75;25;50
FC Shirak;ARM;2;0;6;1;3;2;6;5;5;1;0;16,66666667;33,33333333;50;54,54545455;45,45454545;9,090909091
Drogheda United FC;IRL;1;0;4;2;1;1;6;5;5;1;0;50;25;25;54,54545455;45,45454545;9,090909091
Hellas Verona FC;ITA;1;0;4;2;1;1;5;4;5;1;0;50;25;25;55,55555556;44,44444444;11,11111111
KF Feronikeli;KOS;1;0;4;2;1;1;5;4;5;1;0;50;25;25;55,55555556;44,44444444;11,11111111
FK Rudar Pljevlja;MNE;2;0;6;2;1;3;7;7;5;0;0;33,33333333;50;16,66666667;50;50;0
Myllykosken Pallo -47;FIN;1;0;4;2;1;1;4;4;5;0;0;50;25;25;50;50;0
FK Obilić;SRB;1;0;4;2;1;1;5;6;5;-1;0;50;25;25;45,45454545;54,54545455;-9,090909091
MFK Karviná;CZE;1;0;4;2;1;1;4;5;5;-1;0;50;25;25;44,44444444;55,55555556;-11,11111111
FC Rapid 1923;ROU;3;0;8;1;3;4;9;11;5;-2;0;12,5;50;37,5;45;55;-10
AS Trenčín;SVK;2;0;6;2;1;3;9;11;5;-2;0;33,33333333;50;16,66666667;45;55;-10
FK Şamaxı;AZE;2;0;6;1;3;2;3;5;5;-2;0;16,66666667;33,33333333;50;37,5;62,5;-25
Víkingur Reykjavík;ISL;4;0;10;2;1;7;17;20;5;-3;0;20;70;10;45,94594595;54,05405405;-8,108108108
FK Kukësi;ALB;2;0;6;1;3;2;3;6;5;-3;0;16,66666667;33,33333333;50;33,33333333;66,66666667;-33,33333333
B 1903 København;DEN;3;0;8;2;1;5;7;11;5;-4;0;25;62,5;12,5;38,88888889;61,11111111;-22,22222222
FC Astana 64;KAZ;2;0;6;2;1;3;9;14;5;-5;0;33,33333333;50;16,66666667;39,13043478;60,86956522;-21,73913043
Apollon Limassol FC;CYP;3;0;8;2;1;5;7;13;5;-6;0;25;62,5;12,5;35;65;-30
ÍBV Vestmannaeyjar;ISL;3;0;8;2;1;5;6;12;5;-6;0;25;62,5;12,5;33,33333333;66,66666667;-33,33333333
FC Petrolul Ploieşti;ROU;3;0;8;2;1;5;8;15;5;-7;0;25;62,5;12,5;34,7826087;65,2173913;-30,43478261
FK Sloga Jugomagnat;MKD;3;0;10;1;3;6;5;12;5;-7;0;10;60;30;29,41176471;70,58823529;-41,17647059
Heart of Midlothian FC;SCO;3;0;8;2;1;5;8;16;5;-8;0;25;62,5;12,5;33,33333333;66,66666667;-33,33333333
Cork City FC;IRL;3;0;10;2;1;7;7;16;5;-9;0;20;70;10;30,43478261;69,56521739;-39,13043478
Víkingur;FRO;3;0;8;2;1;5;9;21;5;-12;0;25;62,5;12,5;30;70;-40
Nõmme Kalju FC;EST;2;0;8;2;1;5;6;20;5;-14;0;25;62,5;12,5;23,07692308;76,92307692;-53,84615385
FC Dynamo Brest;BLR;1;0;3;2;0;1;8;5;4;3;0;66,66666667;33,33333333;0;61,53846154;38,46153846;23,07692308
Stabæk Fotball;NOR;1;0;4;1;2;1;6;4;4;2;0;25;25;50;60;40;20
B 1913 Odense;DEN;1;0;4;2;0;2;15;14;4;1;0;50;50;0;51,72413793;48,27586207;3,448275862
Dunaferr SE;HUN;1;0;4;1;2;1;7;6;4;1;0;25;25;50;53,84615385;46,15384615;7,692307692
Burnley FC;ENG;1;0;4;2;0;2;8;8;4;0;0;50;50;0;50;50;0
TSV Eintracht Braunschweig;GER;1;0;5;2;0;3;5;5;4;0;0;40;60;0;50;50;0
Cagliari Calcio;ITA;1;0;4;2;0;2;5;5;4;0;0;50;50;0;50;50;0
Torino FC;ITA;1;0;4;1;2;1;4;4;4;0;0;25;25;50;50;50;0
FK Mladá Boleslav;CZE;1;0;4;1;2;1;8;9;4;-1;0;25;25;50;47,05882353;52,94117647;-5,882352941
FC Prishtina;KOS;1;0;4;2;0;2;5;6;4;-1;0;50;50;0;45,45454545;54,54545455;-9,090909091
LASK;AUT;2;0;6;2;0;4;8;10;4;-2;0;33,33333333;66,66666667;0;44,44444444;55,55555556;-11,11111111
FC Jazz;FIN;1;0;4;2;0;2;6;8;4;-2;0;50;50;0;42,85714286;57,14285714;-14,28571429
Inter Club d’Escaldes;AND;3;0;5;2;0;3;4;6;4;-2;0;40;60;0;40;60;-20
SK Brann;NOR;2;0;6;1;2;3;4;6;4;-2;0;16,66666667;50;33,33333333;40;60;-20
FC Milsami Orhei;MDA;1;0;4;2;0;2;3;5;4;-2;0;50;50;0;37,5;62,5;-25
FC Molenbeek Brussels Strombeek;BEL;1;0;4;2;0;2;6;9;4;-3;0;50;50;0;40;60;-20
FC Zestafoni;GEO;2;0;6;1;2;3;6;9;4;-3;0;16,66666667;50;33,33333333;40;60;-20
Gwardia Warszawa;POL;2;0;5;1;2;2;6;9;4;-3;0;20;40;40;40;60;-20
1. FC Saarbrücken;GER;1;0;2;1;0;1;5;7;2;-2;0;50;50;0;41,66666667;58,33333333;-16,66666667
FK Zeta;MNE;1;0;4;1;0;3;5;7;2;-2;0;25;75;0;41,66666667;58,33333333;-16,66666667
Ararat-Armenia FC;ARM;2;0;3;1;0;2;3;5;2;-2;0;33,33333333;66,66666667;0;37,5;62,5;-25
FC Lugano;SUI;1;0;2;1;0;1;2;4;2;-2;0;50;50;0;33,33333333;66,66666667;-33,33333333
NSÍ Runavík;FRO;1;0;2;1;0;1;1;3;2;-2;0;50;50;0;25;75;-50
FC Hansa Rostock;GER;1;0;2;1;0;1;1;3;2;-2;0;50;50;0;25;75;-50
KA Akureyri;ISL;1;0;2;1;0;1;1;3;2;-2;0;50;50;0;25;75;-50
PFC Botev Plovdiv;BUL;2;0;4;1;0;3;5;8;2;-3;0;25;75;0;38,46153846;61,53846154;-23,07692308
Szombierki Bytom;POL;1;0;4;1;0;3;4;7;2;-3;0;25;75;0;36,36363636;63,63636364;-27,27272727
Sivasspor;TUR;1;0;2;1;0;1;3;6;2;-3;0;50;50;0;33,33333333;66,66666667;-33,33333333
FC Sioni Bolnisi;GEO;1;0;4;1;0;3;2;5;2;-3;0;25;75;0;28,57142857;71,42857143;-42,85714286
Breidablik;ISL;1;0;2;1;0;1;2;5;2;-3;0;50;50;0;28,57142857;71,42857143;-42,85714286
FK Pobeda;MKD;2;0;4;0;2;2;2;5;2;-3;0;0;50;50;28,57142857;71,42857143;-42,85714286
FK Spartaks Jūrmala;LVA;2;0;4;0;2;2;1;4;2;-3;0;0;50;50;20;80;-60
FCV Farul;ROU;1;0;2;1;0;1;1;4;2;-3;0;50;50;0;20;80;-60
Llanelli AFC;WAL;1;0;2;1;0;1;1;4;2;-3;0;50;50;0;20;80;-60
FC Saburtalo;GEO;1;0;4;1;0;3;4;8;2;-4;0;25;75;0;33,33333333;66,66666667;-33,33333333
FC Differdange 03;LUX;1;0;2;1;0;1;3;7;2;-4;0;50;50;0;30;70;-40
Zagłębie Lubin;POL;2;0;4;1;0;3;3;7;2;-4;0;25;75;0;30;70;-40
MFK Ružomberok;SVK;1;0;4;1;0;3;3;7;2;-4;0;25;75;0;30;70;-40
Hapoel Haifa FC;ISR;1;0;4;0;2;2;1;5;2;-4;0;0;50;50;16,66666667;83,33333333;-66,66666667
FK Şämkir;AZE;2;0;6;1;0;5;6;11;2;-5;0;16,66666667;83,33333333;0;35,29411765;64,70588235;-29,41176471
Käpäz PFK;AZE;2;0;4;1;0;3;4;9;2;-5;0;25;75;0;30,76923077;69,23076923;-38,46153846
FC Vaslui;ROU;2;0;4;0;2;2;2;7;2;-5;0;0;50;50;22,22222222;77,77777778;-55,55555556
FC Metalurgi Rustavi;GEO;2;0;4;0;2;2;1;6;2;-5;0;0;50;50;14,28571429;85,71428571;-71,42857143
Montpellier Hérault SC;FRA;1;0;6;0;2;4;6;12;2;-6;0;0;66,66666667;33,33333333;33,33333333;66,66666667;-33,33333333
Europa FC;GIB;2;0;3;1;0;2;3;9;2;-6;0;33,33333333;66,66666667;0;25;75;-50
FC Tobol Kostanay;KAZ;2;0;4;0;2;2;2;8;2;-6;0;0;50;50;20;80;-60
Athlone Town FC;IRL;2;0;4;0;2;2;7;14;2;-7;0;0;50;50;33,33333333;66,66666667;-33,33333333
Willem II;NED;1;0;6;0;2;4;7;15;2;-8;0;0;66,66666667;33,33333333;31,81818182;68,18181818;-36,36363636
KF Elbasani;ALB;2;0;4;1;0;3;1;9;2;-8;0;25;75;0;10;90;-80
UE Sant Julià;AND;1;0;4;0;2;2;2;11;2;-9;0;0;50;50;15,38461538;84,61538462;-69,23076923
S.S. Tre Fiori F.C.;SMR;4;0;7;0;2;5;4;16;2;-12;0;0;71,42857143;28,57142857;20;80;-60
KÍ Klaksvík;FRO;4;0;7;1;0;6;5;18;2;-13;0;14,28571429;85,71428571;0;21,73913043;78,26086957;-56,52173913
FCM UTA Arad;ROU;2;0;6;0;2;4;3;17;2;-14;0;0;66,66666667;33,33333333;15;85;-70
CS Fola Esch;LUX;4;0;7;0;2;5;3;19;2;-16;0;0;71,42857143;28,57142857;13,63636364;86,36363636;-72,72727273
SP Tre Penne;SMR;4;0;7;1;0;6;2;20;2;-18;0;14,28571429;85,71428571;0;9,090909091;90,90909091;-81,81818182
Dublin City FC;IRL;3;0;6;1;0;5;3;25;2;-22;0;16,66666667;83,33333333;0;10,71428571;89,28571429;-78,57142857
TPS Turku;FIN;4;0;10;1;0;9;4;28;2;-24;0;10;90;0;12,5;87,5;-75
Fram Reykjavík;ISL;4;0;8;0;2;6;4;28;2;-24;0;0;75;25;12,5;87,5;-75
Hamrun Spartans FC;MLT;4;0;8;1;0;7;2;26;2;-24;0;12,5;87,5;0;7,142857143;92,85714286;-85,71428571
CA Spora Luxembourg;LUX;3;0;7;1;0;6;7;36;2;-29;0;14,28571429;85,71428571;0;16,27906977;83,72093023;-67,44186047
FC TVMK Tallinn;EST;1;0;2;0;1;1;3;4;1;-1;0;0;50;50;42,85714286;57,14285714;-14,28571429
Csepel SC;HUN;1;0;2;0;1;1;3;4;1;-1;0;0;50;50;42,85714286;57,14285714;-14,28571429
FC Tiraspol;MDA;1;0;2;0;1;1;3;4;1;-1;0;0;50;50;42,85714286;57,14285714;-14,28571429
FC St.Gallen 1879;SUI;1;0;2;0;1;1;3;4;1;-1;0;0;50;50;42,85714286;57,14285714;-14,28571429
Piast Gliwice;POL;1;0;2;0;1;1;2;3;1;-1;0;0;50;50;40;60;-20
FC Metz;FRA;1;0;2;0;1;1;1;2;1;-1;0;0;50;50;33,33333333;66,66666667;-33,33333333
FC Dinamo Batumi;GEO;1;0;2;0;1;1;1;2;1;-1;0;0;50;50;33,33333333;66,66666667;-33,33333333
FC Irtysh Pavlodar;KAZ;1;0;2;0;1;1;1;2;1;-1;0;0;50;50;33,33333333;66,66666667;-33,33333333
Ballkani;KOS;1;0;2;0;1;1;1;2;1;-1;0;0;50;50;33,33333333;66,66666667;-33,33333333
Skeid FK;NOR;1;0;2;0;1;1;1;2;1;-1;0;0;50;50;33,33333333;66,66666667;-33,33333333
Vitória SC;POR;1;0;2;0;1;1;1;2;1;-1;0;0;50;50;33,33333333;66,66666667;-33,33333333
SK Admira Wacker Wien;AUT;1;0;2;0;1;1;0;1;1;-1;0;0;50;50;0;100;-100
Xäzär Länkäran FK;AZE;1;0;2;0;1;1;2;4;1;-2;0;0;50;50;33,33333333;66,66666667;-33,33333333
KF Teuta;ALB;1;0;2;0;0;2;0;5;0;-5;0;0;100;0;0;100;-100
FC Rànger’s;AND;1;0;2;0;0;2;0;5;0;-5;0;0;100;0;0;100;-100
FC Yerevan;ARM;1;0;2;0;0;2;0;5;0;-5;0;0;100;0;0;100;-100
SV Zulte Waregem;BEL;1;0;2;0;0;2;0;5;0;-5;0;0;100;0;0;100;-100
Toulouse FC;FRA;1;0;2;0;0;2;0;5;0;-5;0;0;100;0;0;100;-100
KF Renova;MKD;1;0;2;0;0;2;0;5;0;-5;0;0;100;0;0;100;-100
OFK Titograd;MNE;1;0;2;0;0;2;0;5;0;-5;0;0;100;0;0;100;-100
Motherwell FC;SCO;1;0;2;0;0;2;0;5;0;-5;0;0;100;0;0;100;-100
FC Luzern;SUI;1;0;2;0;0;2;0;5;0;-5;0;0;100;0;0;100;-100
HB Køge;DEN;1;0;2;0;0;2;1;7;0;-6;0;0;100;0;12,5;87,5;-75
Cork Hibernians FC;IRL;1;0;2;0;0;2;1;7;0;-6;0;0;100;0;12,5;87,5;-75
Cork Celtic FC;IRL;1;0;2;0;0;2;1;7;0;-6;0;0;100;0;12,5;87,5;-75
PFC Lokomotiv Plovdiv 1926;BUL;1;0;2;0;0;2;0;6;0;-6;0;0;100;0;0;100;-100
Herfølge BK;DEN;1;0;2;0;0;2;0;6;0;-6;0;0;100;0;0;100;-100
FC Samtredia;GEO;1;0;2;0;0;2;0;6;0;-6;0;0;100;0;0;100;-100
HIFK Helsinki;FIN;2;0;4;0;0;4;5;12;0;-7;0;0;100;0;29,41176471;70,58823529;-41,17647059
Ards FC;NIR;1;0;2;0;0;2;3;10;0;-7;0;0;100;0;23,07692308;76,92307692;-53,84615385
FC Alania Vladikavkaz;RUS;1;0;2;0;0;2;3;10;0;-7;0;0;100;0;23,07692308;76,92307692;-53,84615385
Royal Antwerp FC;BEL;1;0;2;0;0;2;1;8;0;-7;0;0;100;0;11,11111111;88,88888889;-77,77777778
HPS Helsinki;FIN;1;0;2;0;0;2;0;7;0;-7;0;0;100;0;0;100;-100
FC Oţelul Galaţi;ROU;1;0;6;0;0;6;3;11;0;-8;0;0;100;0;21,42857143;78,57142857;-57,14285714
IK Start;NOR;2;0;4;0;0;4;2;10;0;-8;0;0;100;0;16,66666667;83,33333333;-66,66666667
Marsaxlokk FC;MLT;1;0;2;0;0;2;1;9;0;-8;0;0;100;0;10;90;-80
FC Araks Ararat;ARM;2;0;4;0;0;4;0;8;0;-8;0;0;100;0;0;100;-100
Strømsgodset IF;NOR;2;0;4;0;0;4;1;10;0;-9;0;0;100;0;9,090909091;90,90909091;-81,81818182
IFK Mariehamn;FIN;1;0;2;0;0;2;0;9;0;-9;0;0;100;0;0;100;-100
Sligo Rovers FC;IRL;2;0;4;0;0;4;0;9;0;-9;0;0;100;0;0;100;-100
FC Daugava Daugavpils;LVA;1;0;2;0;0;2;1;11;0;-10;0;0;100;0;8,333333333;91,66666667;-83,33333333
Coleraine FC;NIR;1;0;2;0;0;2;1;11;0;-10;0;0;100;0;8,333333333;91,66666667;-83,33333333
B68 Toftir;FRO;1;0;2;0;0;2;0;11;0;-11;0;0;100;0;0;100;-100
Limerick FC;IRL;2;0;4;0;0;4;4;16;0;-12;0;0;100;0;20;80;-60
SS Murata;SMR;2;0;4;0;0;4;1;13;0;-12;0;0;100;0;7,142857143;92,85714286;-85,71428571
Bangor City FC;WAL;1;0;2;0;0;2;0;13;0;-13;0;0;100;0;0;100;-100
KPV Kokkola;FIN;1;0;2;0;0;2;0;14;0;-14;0;0;100;0;0;100;-100
Enosis Pezoporikou Amol FC;CYP;1;0;2;0;0;2;0;16;0;-16;0;0;100;0;0;100;-100
Rhyl FC;WAL;2;0;4;0;0;4;1;19;0;-18;0;0;100;0;5;95;-90
CS Stade Dudelange;LUX;1;0;2;0;0;2;0;18;0;-18;0;0;100;0;0;100;-100
Rabat Ajax FC;MLT;2;0;4;0;0;4;0;20;0;-20;0;0;100;0;0;100;-100
Keflavík;ISL;4;0;8;0;0;8;5;35;0;-30;0;0;100;0;12,5;87,5;-75
US Luxembourg;LUX;5;0;10;0;0;10;3;43;0;-40;0;0;100;0;6,52173913;93,47826087;-86,95652174
FC Avenir Beggen;LUX;6;0;12;0;0;12;1;56;0;-55;0;0;100;0;1,754385965;98,24561404;-96,49122807
